{"cameraMode":{"drawMode":0,"name":"Shaded","section":"Shading Mode"},"sceneLighting":true,"audioPlay":false,"sceneViewState":{"showFog":false,"showMaterialUpdate":false,"showSkybox":true,"showFlares":true,"showImageEffects":true,"showParticleSystems":true},"in2DMode":false,"pivot":{"x":-0.9710683226585388,"y":0.09192714095115662,"z":8.407341957092286},"rotation":{"x":0.06441716849803925,"y":0.03442196175456047,"z":-0.0022227722220122816,"w":0.9973311424255371},"size":6.945188522338867,"orthographic":false}